bases,Outs=0,Outs=1,Outs=2
000,0.47116493656286046,0.25469555610115396,0.09718451873109439
001,1.454356846473029,0.9374358974358974,0.3173913043478261
010,1.0582804385458742,0.650197628458498,0.30916732335172054
011,1.9304897314375988,1.3388640714741544,0.5407407407407407
100,0.8350991578375442,0.4960492326394165,0.2179535945226322
101,1.7526997840172787,1.149616944569626,0.4882596685082873
110,1.4144548795426706,0.8739176346356916,0.42225689027561103
111,2.171826625386997,1.4745145631067962,0.7610094012864919
